{
	"camera" : 
	{
		"center" : "0.00000 0.00000 -1.00000",
		"eye" : "0.00000 0.00000 0.00000",
		"up" : "0.00000 1.00000 0.00000"
	},
	"general" : 
	{
		"ambientcolor" : "0.30000 0.30000 0.30000",
		"bloom" : false,
		"bloomhdrfeather" : 0.1,
		"bloomhdriterations" : 8,
		"bloomhdrscatter" : 1.619,
		"bloomhdrstrength" : 2.0,
		"bloomhdrthreshold" : 1.0,
		"bloomstrength" : 2.0,
		"bloomthreshold" : 0.64999998,
		"bloomtint" : "1.00000 1.00000 1.00000",
		"camerafade" : true,
		"cameraparallax" : false,
		"cameraparallaxamount" : 0.5,
		"cameraparallaxdelay" : 0.1,
		"cameraparallaxmouseinfluence" : 0.5,
		"camerapreview" : true,
		"camerashake" : false,
		"camerashakeamplitude" : 0.5,
		"camerashakeroughness" : 1.0,
		"camerashakespeed" : 3.0,
		"clearcolor" : "0.70000 0.70000 0.70000",
		"clearenabled" : true,
		"farz" : 10000.0,
		"fov" : 50.0,
		"gravitydirection" : "0.00000 -1.00000 0.00000",
		"gravitystrength" : 1.0,
		"hdr" : false,
		"nearz" : 0.0099999998,
		"orthogonalprojection" : 
		{
			"height" : 559,
			"width" : 580
		},
		"perspectiveoverridefov" : 90.0,
		"skylightcolor" : "0.30000 0.30000 0.30000",
		"winddirection" : "0.70700 0.70700 0.00000",
		"windenabled" : false,
		"windstrength" : 1.0,
		"zoom" : 1.0
	},
	"objects" : 
	[
		{
			"castshadow" : false,
			"id" : 228,
			"image" : "models/OIP.json",
			"name" : "OIP",
			"origin" : "286.11819 296.53073 0.00000",
			"size" : "1274.00000 950.00000"
		},
		{
			"animationlayers" : 
			[
				{
					"additive" : false,
					"animation" : 204,
					"blend" : 1.0,
					"blendin" : false,
					"blendout" : false,
					"blendtime" : 0.5,
					"id" : 390,
					"name" : "Animation 1",
					"rate" : 2.0,
					"visible" : true
				}
			],
			"castshadow" : false,
			"effects" : 
			[
				{
					"file" : "effects/cursorripple/effect.json",
					"id" : 367,
					"name" : "",
					"passes" : 
					[
						{
							"constantshadervalues" : 
							{
								"ripplescale" : 1.99
							},
							"id" : 368
						},
						{
							"constantshadervalues" : 
							{
								"rippledecay" : 2.6700001,
								"ripplespeed" : 1
							},
							"id" : 369
						},
						{
							"constantshadervalues" : 
							{
								"ripplestrength" : 5
							},
							"id" : 370
						}
					],
					"visible" : true
				},
				{
					"file" : "effects/iris/effect.json",
					"id" : 382,
					"name" : "",
					"passes" : 
					[
						{
							"constantshadervalues" : 
							{
								"noiseamount" : 0.5,
								"phase" : 0.0,
								"rough" : 0.2,
								"scale" : "1 1",
								"speed" : 1.0
							},
							"id" : 383
						}
					],
					"visible" : true
				},
				{
					"file" : "effects/depthparallax/effect.json",
					"id" : 41,
					"name" : "",
					"passes" : 
					[
						{
							"constantshadervalues" : 
							{
								"center" : 0.30000001,
								"scale" : "1 1",
								"sens" : 1.0
							},
							"id" : 42
						}
					],
					"visible" : true
				}
			],
			"id" : 21,
			"image" : "models/__OIP_-_نسخة-removebg-preview.json",
			"locktransforms" : true,
			"name" : "__OIP_-_نسخة-removebg-preview",
			"origin" : "307.99921 265.12341 0.00000",
			"scale" : "0.66693 0.64859 1.00000",
			"size" : "129.00000 99.00000"
		},
		{
			"anchor" : "none",
			"backgroundbrightness" : 1.0,
			"backgroundcolor" : "0.00000 0.00000 0.00000",
			"blockalign" : false,
			"castshadow" : false,
			"color" : "0.00000 0.00000 0.00000",
			"depthtest" : "enabled",
			"font" : "fonts/Monofur-PK7og.ttf",
			"horizontalalign" : "center",
			"id" : 28,
			"limitrows" : true,
			"limituseellipsis" : false,
			"limitwidth" : false,
			"maxrows" : 1,
			"maxwidth" : 500.0,
			"name" : "3D Clock",
			"opaquebackground" : false,
			"origin" : "306.83600 328.41779 0.00000",
			"padding" : 32,
			"perspective" : true,
			"pointsize" : 32.0,
			"scale" : "0.41008 0.41008 1.00000",
			"size" : "330.00000 134.00000",
			"text" : "12:34",
			"verticalalign" : "center",
			"visible" : 
			{
				"user" : "clock",
				"value" : true
			}
		}
	],
	"version" : 5
}